Genome_ID,blaKPC,blaKPC-2,blaKPC-3,blaNDM,blaNDM-1,blaNDM-5,blaOXA-48,blaOXA-181,blaOXA-232,blaCTX-M,blaCTX-M-15,blaSHV,blaTEM,mgrB,phoPQ,pmrAB,ompK35,ompK36,ompK37,aac(6')-Ib,aac(6')-Ib-cr,armA,rmtB,rmtF,tet(A),tet(B),tetX,mcr-1,mcr-8
573.1,0,0,0,0,0,1,0,0,0,0,0,0,0,0,0,0,1,0,0,1,0,0,0,1,1,0,0,0,0
573.1001,1,0,0,1,1,0,0,0,0,0,0,0,0,0,0,0,0,1,1,1,0,0,0,0,1,0,0,0,1
573.1002,1,1,1,1,0,0,0,0,1,0,0,0,0,0,1,0,0,1,1,0,0,0,1,0,0,1,0,0,1
573.1003,0,0,0,0,0,0,0,0,0,0,0,1,0,1,0,1,0,0,0,0,0,0,0,0,1,0,0,0,0
573.1004,1,0,0,0,0,1,0,0,0,1,0,0,0,0,0,1,0,0,0,0,0,0,0,0,0,0,0,0,0
573.1005,1,0,1,0,1,1,0,0,0,0,1,0,0,0,1,0,1,0,0,1,0,1,1,1,0,0,0,1,1
573.1006,0,0,1,0,0,0,0,0,1,0,0,0,0,0,0,1,0,0,0,1,0,1,1,1,1,1,0,1,0
573.1007,1,0,0,0,0,0,0,0,0,1,0,1,1,0,1,0,0,0,0,0,0,0,0,0,1,1,0,0,0
573.1008,0,0,0,0,0,1,0,0,0,1,0,0,0,1,1,1,0,0,0,0,1,0,1,1,0,0,1,0,0
573.1009,0,1,0,0,0,0,0,0,0,1,1,0,0,0,0,1,0,0,0,0,1,0,0,0,1,0,0,1,1
573.101,0,0,0,0,0,1,0,0,0,1,0,0,0,0,0,0,0,0,1,0,0,1,1,1,1,1,0,0,0
573.1011,1,0,1,0,1,0,0,0,1,0,0,0,1,0,0,0,1,1,1,0,1,0,0,0,0,1,0,0,0
573.1012,1,0,0,0,0,0,1,0,0,0,1,0,0,0,1,0,1,1,0,0,0,0,0,0,0,0,1,0,0
573.1013,0,0,0,0,0,0,1,0,0,0,1,1,0,0,0,1,0,1,1,0,0,0,0,1,1,0,0,1,0
573.1014,0,0,0,0,1,1,1,0,1,0,1,0,0,0,0,1,0,0,0,0,0,0,0,0,0,1,0,0,0
573.1015,0,0,0,0,0,0,1,0,0,0,0,0,0,0,0,0,1,0,0,0,1,0,0,0,0,0,1,1,1
573.1016,1,0,1,1,1,1,0,0,1,0,1,0,0,0,0,0,0,0,1,1,1,0,0,1,0,0,0,0,0
573.1017,0,0,1,0,1,0,0,1,0,0,1,0,0,0,1,0,0,0,1,0,0,0,0,0,0,1,1,1,0
573.1018,0,0,1,0,0,1,0,1,0,0,0,0,0,1,1,0,1,0,0,0,0,1,1,0,0,0,1,0,0
573.1019,0,1,0,0,0,0,0,0,0,0,0,0,1,0,0,0,0,1,0,0,0,0,0,0,0,0,1,1,0
573.102,0,0,1,0,0,0,0,1,0,0,1,1,0,0,0,0,0,1,0,0,0,0,1,1,1,0,1,0,1
573.1021,0,1,0,0,1,0,0,1,0,0,1,0,0,0,0,0,1,0,0,0,0,1,0,0,1,0,0,0,0
573.1022,0,0,0,0,0,0,0,0,0,1,1,0,0,0,0,0,0,0,0,1,0,0,0,1,0,0,1,1,0
573.1023,0,0,1,0,1,0,0,1,0,0,1,0,0,0,0,0,0,0,0,0,0,0,0,1,0,0,1,0,0
573.1024,0,1,1,1,0,0,0,1,0,0,0,1,0,0,1,0,0,0,0,0,1,1,1,0,1,1,1,1,0
573.1025,1,0,1,0,0,0,1,0,0,0,1,0,0,0,0,0,0,1,0,0,0,0,0,0,0,0,1,0,0
573.1026,0,1,0,0,0,0,0,1,1,0,1,0,0,0,1,0,0,0,0,0,0,1,0,0,0,0,1,0,0
573.1027,0,1,1,0,0,0,0,0,0,0,0,1,0,1,0,1,0,0,1,0,0,0,0,0,0,1,0,0,1
573.1028,0,0,0,1,0,0,0,0,0,0,0,0,0,1,0,1,0,0,0,0,1,0,0,1,0,1,1,0,0
573.1029,0,0,0,1,0,0,1,0,1,0,0,1,0,0,0,0,0,0,0,0,0,0,1,0,0,1,0,0,0
573.103,0,0,0,0,0,0,0,1,0,0,0,0,1,1,0,0,1,1,1,0,0,0,0,1,1,0,0,0,0
573.1031,1,0,0,1,0,1,0,0,0,0,0,1,0,1,1,1,1,1,1,0,0,0,0,1,1,1,1,1,0
573.1032,1,0,0,1,0,1,1,0,1,0,0,1,0,0,1,0,1,0,0,0,1,0,0,0,0,1,0,0,0
573.1033,1,0,0,1,1,1,0,0,0,0,0,0,0,0,1,0,0,0,0,1,0,1,0,0,1,0,1,0,1
573.1034,0,1,1,1,1,1,0,0,0,1,0,0,0,0,0,0,1,0,0,0,0,0,1,0,0,0,1,1,1
573.1035,0,0,1,1,0,1,0,0,0,0,0,0,0,1,0,0,0,1,1,1,0,1,1,1,0,1,1,0,0
573.1036,0,0,0,0,1,0,1,0,1,1,1,1,0,0,0,0,1,0,1,0,0,0,0,0,0,0,0,1,1
573.1037,0,0,0,0,1,1,0,0,1,0,0,0,0,1,1,1,1,1,0,0,0,0,1,0,1,0,0,0,0
573.1038,0,1,0,0,0,0,0,0,0,0,1,0,1,0,0,1,0,1,0,0,0,1,0,1,1,0,0,1,1
573.1039,0,0,1,0,0,1,0,0,0,1,0,0,1,0,0,1,0,0,0,0,0,0,0,0,0,0,0,0,0
573.104,0,0,1,0,0,1,1,0,0,1,0,0,1,0,0,0,1,0,0,1,0,1,1,1,0,1,0,0,0
573.1041,0,0,0,1,0,0,0,1,0,0,0,0,0,0,0,1,0,1,0,1,1,1,0,0,0,0,1,1,1
573.1042,0,1,1,1,0,0,0,0,1,0,1,0,0,1,0,0,0,1,0,0,0,0,1,0,0,0,0,1,0
573.1043,1,0,0,0,1,1,0,1,0,1,0,0,0,0,0,0,1,0,0,0,1,1,0,1,0,1,1,0,1
573.1044,0,0,0,1,0,0,0,1,1,0,0,1,0,0,1,0,0,1,0,0,0,1,1,0,0,1,1,0,0
573.1045,0,0,0,0,1,0,1,1,0,1,0,0,0,0,0,1,0,0,0,1,1,1,1,0,1,0,1,1,1
573.1046,0,0,0,0,0,0,0,0,0,0,0,0,1,1,1,1,1,0,0,1,1,0,0,1,1,1,1,1,0
573.1047,0,1,0,0,0,0,1,0,0,0,0,0,0,0,0,1,0,1,0,1,0,1,0,0,0,0,0,0,0
573.1048,0,0,1,1,0,0,0,1,0,0,0,1,0,0,0,0,0,1,0,1,1,0,0,0,0,1,0,0,1
573.1049,0,1,0,0,0,0,1,1,1,0,0,0,1,0,0,0,0,0,1,0,0,1,0,1,0,0,1,0,1
573.105,0,0,0,0,0,0,0,0,0,0,0,1,1,0,0,1,1,0,0,0,1,0,0,0,0,0,0,0,0
573.1051,0,0,0,1,1,0,0,0,0,0,1,0,1,0,0,1,1,0,1,0,0,0,0,0,0,0,0,1,1
573.1052,0,1,1,0,0,1,0,0,0,1,0,0,1,0,0,1,0,0,0,0,0,1,0,0,0,0,0,0,0
573.1053,0,0,0,0,1,0,1,0,1,1,0,1,0,0,0,1,1,0,0,1,0,0,0,0,0,0,1,0,0
573.1054,1,1,0,0,1,1,0,0,0,1,0,0,1,0,0,0,0,0,0,0,0,0,0,0,0,0,0,1,0
573.1055,0,1,1,1,1,0,1,1,0,0,1,0,0,0,0,0,0,0,1,1,1,0,0,0,0,0,0,0,0
573.1056,1,0,1,0,0,0,0,0,1,1,0,0,0,0,0,0,0,0,0,1,0,0,0,0,0,0,0,0,0
573.1057,0,0,0,0,0,0,0,0,0,0,0,0,0,0,0,0,0,0,0,0,1,1,0,0,0,0,0,0,0
573.1058,0,0,0,0,1,1,0,1,0,0,0,0,0,0,0,1,0,0,0,1,0,0,0,0,1,0,1,0,0
573.1059,0,0,0,1,0,1,0,0,0,0,0,1,0,0,0,0,1,0,0,1,0,0,0,0,1,0,1,1,1
573.106,0,1,1,0,0,0,0,1,1,0,0,0,0,0,0,0,0,0,0,0,0,0,0,1,0,0,0,0,1
573.1061,0,1,1,1,1,0,1,0,1,0,0,0,0,0,1,0,1,1,0,0,1,0,1,0,0,1,0,0,0
573.1062,0,1,0,0,0,0,0,0,1,0,0,0,1,0,1,0,1,0,1,0,0,0,0,0,0,0,1,1,0
573.1063,0,1,0,1,0,1,0,0,0,0,1,0,0,0,0,1,0,1,1,1,1,0,1,1,0,0,0,0,1
573.1064,0,0,0,0,0,0,0,0,0,0,0,0,1,0,1,1,0,1,0,1,0,1,0,1,0,0,0,0,0
573.1065,1,0,0,0,0,1,1,0,1,0,0,0,0,1,0,1,0,1,0,0,0,1,1,0,0,0,0,0,0
573.1066,1,0,0,0,1,0,0,1,0,1,0,0,1,0,0,0,1,0,1,1,0,1,0,0,0,0,0,0,1
573.1067,0,1,0,1,0,1,0,1,0,0,0,1,0,0,0,0,0,0,1,0,1,0,1,0,0,0,0,0,0
573.1068,1,0,0,1,0,0,0,0,1,0,0,0,0,1,0,0,1,1,1,1,1,0,1,0,1,1,0,0,1
573.1069,0,0,0,0,0,1,0,0,0,1,1,0,0,0,0,0,0,0,0,0,0,0,0,0,0,1,0,0,0
573.107,0,1,0,0,1,0,0,1,0,0,1,0,0,0,0,0,1,0,0,1,1,0,0,0,0,0,1,0,1
573.1071,0,0,0,1,0,0,1,0,0,1,1,0,0,1,0,0,0,1,0,0,1,0,1,1,0,0,1,1,0
573.1072,0,0,0,0,0,1,1,1,0,0,1,0,1,0,0,1,0,0,0,0,0,0,0,1,0,1,1,0,1
573.1073,0,1,1,0,1,0,0,0,1,1,0,1,0,0,0,0,0,0,0,0,1,0,0,0,0,1,1,0,0
573.1074,0,0,0,0,0,1,1,1,0,0,1,0,0,0,1,1,0,0,1,1,1,0,1,0,1,1,1,0,0
573.1075,0,0,1,0,0,1,0,0,0,0,0,0,0,0,0,0,0,0,1,0,0,0,1,1,0,0,1,0,1
573.1076,0,0,0,0,0,0,0,0,0,0,0,0,0,1,0,0,0,0,1,0,0,0,0,0,0,0,0,0,0
573.1077,0,0,0,1,0,0,1,1,0,0,0,1,0,1,0,1,1,1,0,0,1,0,0,1,0,0,1,0,0
573.1078,1,0,0,0,0,0,1,0,0,0,0,1,0,0,0,0,1,1,0,0,1,0,1,0,1,0,0,1,1
573.1079,0,0,1,0,0,0,1,0,0,0,0,1,0,0,0,0,0,1,1,1,0,0,0,0,1,0,1,1,0
573.108,0,0,0,1,0,0,0,1,0,1,1,0,1,0,0,0,0,0,0,1,1,0,0,0,1,0,0,0,0
573.1081,0,0,0,0,1,1,0,1,0,0,0,1,1,1,0,0,0,1,0,0,0,0,0,0,1,0,0,0,0
573.1082,1,0,1,0,0,1,0,1,0,0,1,0,1,0,1,0,1,1,0,1,1,1,0,1,1,1,1,1,0
573.1083,0,0,1,0,0,0,0,1,0,0,0,0,0,1,1,1,0,0,1,0,0,0,0,0,0,0,0,1,0
573.1084,1,0,1,0,0,0,1,0,1,0,0,1,0,1,0,1,0,0,0,0,0,1,0,0,1,0,0,0,1
573.1085,1,1,1,0,0,1,0,0,1,0,1,0,0,0,0,1,0,0,0,0,0,0,0,0,1,0,0,0,0
573.1086,0,1,0,0,1,1,1,0,1,0,1,0,0,0,0,0,0,1,1,0,0,0,0,0,0,1,0,0,0
573.1087,0,0,0,1,0,0,0,1,0,0,0,0,0,0,0,1,0,1,0,0,0,0,0,0,1,1,0,0,0
573.1088,0,0,0,0,0,0,0,1,0,0,0,0,0,0,0,0,1,0,1,1,1,1,0,0,1,1,0,1,0
573.1089,0,1,0,1,0,1,0,1,0,1,0,0,0,0,0,0,0,1,0,1,1,0,1,0,0,0,0,0,0
573.109,0,1,1,0,0,0,0,0,0,1,0,0,1,0,1,0,0,1,0,0,0,0,0,1,1,0,1,0,1
573.1091,0,1,0,0,0,0,0,0,0,1,1,0,1,0,0,0,0,0,0,1,1,1,0,1,0,1,0,0,1
573.1092,1,0,1,0,1,1,0,1,1,0,0,0,0,0,1,0,1,0,0,1,1,0,0,0,1,0,0,1,1
573.1093,0,0,0,0,0,1,0,0,0,1,0,1,0,0,1,0,1,0,0,0,0,0,0,0,0,0,0,1,1
573.1094,0,0,0,0,1,0,1,0,0,0,0,0,0,0,0,1,0,0,0,0,0,0,0,0,0,1,1,1,0
573.1095,0,0,0,0,1,0,0,0,0,0,0,0,0,1,1,1,0,0,0,0,0,1,1,1,0,0,0,0,1
573.1096,0,0,0,0,0,1,1,0,1,1,0,0,0,0,1,0,0,1,0,1,0,0,0,0,0,1,0,0,1
573.1097,0,0,1,1,1,0,1,0,0,0,0,1,1,1,1,1,0,0,0,1,0,0,0,0,0,0,1,0,1
573.1098,1,0,1,0,0,0,0,0,0,0,0,0,1,0,0,1,0,1,0,1,1,0,1,0,0,0,0,0,1
573.1099,0,1,1,0,0,0,0,0,0,1,1,1,0,0,0,0,1,1,0,0,0,0,1,0,1,0,0,0,1
573.11,0,0,0,0,0,0,0,0,0,0,0,0,0,1,0,1,0,0,0,0,1,1,0,0,0,1,0,0,1
573.1101,1,0,1,1,1,0,0,1,0,1,0,0,0,1,0,0,0,1,0,0,0,1,1,0,0,0,0,1,0
573.1102,1,0,0,1,0,0,0,0,1,0,1,1,0,0,0,1,0,0,0,0,0,1,1,0,0,0,0,0,0
573.1103,0,0,0,1,1,0,1,1,0,0,0,0,0,0,0,0,0,1,0,0,0,0,0,0,1,0,0,0,1
573.1104,1,0,0,1,0,0,1,0,0,0,0,0,0,1,1,0,0,0,0,0,0,1,0,0,0,1,0,0,0
573.1105,0,0,1,0,0,0,0,1,0,0,0,0,0,0,0,0,0,0,0,0,1,1,0,0,0,1,1,0,0
573.1106,0,1,1,0,0,0,0,0,0,0,1,0,0,0,0,0,0,1,0,0,0,0,0,0,1,1,1,0,1
573.1107,1,0,0,0,0,1,0,0,0,0,0,1,0,0,0,0,1,1,0,0,0,1,1,1,0,1,0,0,1
573.1108,0,0,0,1,0,0,0,0,1,1,1,1,0,0,0,1,1,0,0,0,0,1,0,1,1,0,1,0,0
573.1109,0,1,0,1,1,0,1,1,0,1,0,0,0,0,0,0,0,0,0,0,0,0,0,0,0,0,1,0,0
573.111,0,1,1,1,0,1,0,0,0,0,1,0,1,0,0,0,1,0,0,0,0,1,0,0,1,0,0,0,1
573.1111,1,0,0,1,0,0,0,0,0,0,0,1,0,0,0,0,1,0,0,0,1,0,0,0,0,1,1,0,1
573.1112,1,1,0,1,0,0,1,0,1,0,0,0,0,0,0,0,0,0,0,0,1,0,0,1,0,0,0,1,0
573.1113,0,0,0,1,1,1,0,1,0,0,0,0,0,1,0,1,0,0,0,0,0,0,0,0,0,1,1,0,1
573.1114,0,0,0,0,1,0,0,0,0,0,0,0,0,1,0,0,0,0,1,1,0,0,0,0,0,0,0,0,1
573.1115,0,0,1,0,1,1,1,1,0,1,0,0,0,1,0,0,1,0,1,1,0,0,0,1,0,0,0,1,0
573.1116,0,1,0,0,0,1,0,1,0,0,0,0,0,0,0,1,1,0,1,0,0,0,0,0,1,0,1,1,0
573.1117,0,0,0,0,0,0,0,0,0,0,1,0,0,0,1,0,1,0,0,0,0,0,0,1,0,0,0,1,0
573.1118,1,1,1,0,0,1,1,0,0,1,0,0,1,0,0,1,1,0,1,1,0,0,0,0,1,1,1,0,0
573.1119,0,1,0,1,0,0,0,0,1,1,1,0,0,0,1,1,0,0,1,0,0,0,0,0,0,0,0,0,1
573.112,0,0,0,1,1,0,1,0,0,1,0,1,0,0,0,1,1,0,0,1,1,0,0,1,1,0,0,0,1
573.1121,0,0,0,0,0,0,0,0,0,0,1,1,0,1,0,1,0,1,0,1,0,0,0,0,0,0,0,0,0
573.1122,0,0,1,1,0,0,0,0,0,0,0,0,0,0,0,0,1,1,0,0,1,1,0,0,0,0,0,0,1
573.1123,1,0,1,0,0,1,0,0,0,1,0,0,0,0,1,1,0,0,0,1,1,1,0,0,0,0,0,0,0
573.1124,0,1,0,0,0,0,0,0,1,1,0,0,0,0,0,0,0,0,1,1,0,1,0,1,0,1,0,0,0
573.1125,0,1,0,0,0,1,0,1,1,0,1,0,0,0,1,0,0,0,0,0,0,0,0,1,1,0,0,0,0
573.1126,0,0,1,0,0,0,0,0,0,0,0,0,0,0,0,1,0,1,0,0,1,0,0,1,0,1,1,1,1
573.1127,0,0,0,0,1,0,0,0,0,0,0,0,1,0,0,0,0,0,0,0,1,0,0,0,0,0,0,0,0
573.1128,0,0,0,1,1,1,1,1,0,0,0,0,0,0,0,0,1,0,0,0,1,0,0,0,1,0,1,0,0
573.1129,0,1,1,1,0,0,0,0,0,0,0,0,0,0,0,0,0,1,0,0,0,0,0,0,0,1,0,0,0
573.113,1,0,0,0,1,0,0,0,0,0,0,0,0,0,0,1,0,0,0,1,1,1,0,0,0,0,1,0,1
573.1131,0,1,1,0,0,0,0,0,0,0,0,0,1,1,1,0,0,0,0,0,1,1,0,0,0,0,0,0,1
573.1132,1,1,0,1,1,0,1,0,0,0,0,1,0,0,0,0,1,0,1,1,0,0,1,0,0,0,1,1,1
573.1133,1,0,0,0,0,1,0,0,0,1,0,0,0,1,0,1,1,0,1,0,0,0,0,0,0,0,1,0,0
573.1134,0,1,1,0,1,0,0,0,0,1,0,0,1,0,0,1,0,0,1,0,0,0,0,1,0,0,0,1,0
573.1135,0,1,0,0,0,1,0,0,0,1,1,0,0,1,0,0,0,0,1,0,1,0,0,0,1,0,0,0,0
573.1136,0,0,0,0,0,0,0,0,1,0,1,0,0,0,1,1,0,0,0,1,0,1,0,1,0,0,0,0,0
573.1137,1,0,0,0,1,0,1,0,0,0,1,0,0,0,0,0,1,0,1,0,0,0,0,1,0,0,1,0,1
573.1138,0,0,0,0,1,0,0,1,0,0,1,1,0,0,0,0,0,0,0,1,0,0,0,0,1,0,1,0,0
573.1139,1,1,0,0,0,0,0,1,0,1,0,0,0,1,0,0,1,0,1,1,0,1,0,0,0,0,0,0,1
573.114,1,1,1,1,0,1,1,0,0,0,0,0,0,1,1,0,1,1,1,0,0,0,0,1,0,0,0,0,0
573.1141,0,1,1,0,1,0,0,0,0,0,1,1,0,1,1,1,0,0,0,1,1,0,0,0,0,1,1,0,0
573.1142,1,1,1,1,0,0,0,0,0,1,0,1,1,1,0,1,1,1,1,0,0,0,1,0,0,1,0,0,0
573.1143,0,0,0,0,1,1,1,0,1,0,1,0,1,1,0,0,1,0,0,1,0,0,0,0,1,1,0,0,0
573.1144,1,0,0,0,0,0,0,1,0,0,0,1,0,0,1,0,0,0,0,0,0,0,0,1,0,0,0,0,1
573.1145,1,0,0,0,0,1,0,1,0,0,0,1,1,1,0,0,1,1,1,0,1,1,0,1,1,0,0,1,1
573.1146,1,0,1,0,0,0,0,0,0,1,0,1,0,1,0,1,1,0,1,0,1,0,0,0,0,0,0,0,0
573.1147,0,0,0,1,0,0,1,1,0,1,1,0,0,0,0,1,1,1,0,0,0,0,0,0,0,0,1,0,0
573.1148,0,0,0,1,1,0,0,1,1,0,0,0,0,0,0,1,1,0,1,0,1,1,1,0,0,1,1,0,1
573.1149,0,0,0,0,0,1,0,1,0,1,0,0,0,0,0,0,1,0,1,0,1,1,0,0,1,0,0,1,1
