Antibiotic_Name,Year,Forecast_Resistance_%,Forecast_Method
Ceftazidime,2025,55.12,Trend_Extrapolation
Ceftazidime,2026,56.02,Trend_Extrapolation
Ceftazidime,2027,56.92,Trend_Extrapolation
Ceftazidime,2028,57.82,Trend_Extrapolation
Ceftazidime,2029,58.72,Trend_Extrapolation
Ceftazidime,2030,59.62,Trend_Extrapolation
Ceftazidime,2031,60.52,Trend_Extrapolation
Ceftazidime-avibactam,2025,64.53,Trend_Extrapolation
Ceftazidime-avibactam,2026,66.13,Trend_Extrapolation
Ceftazidime-avibactam,2027,67.73,Trend_Extrapolation
Ceftazidime-avibactam,2028,69.33,Trend_Extrapolation
Ceftazidime-avibactam,2029,70.93,Trend_Extrapolation
Ceftazidime-avibactam,2030,72.53,Trend_Extrapolation
Ceftazidime-avibactam,2031,74.13,Trend_Extrapolation
Ceftriaxone,2025,81.84,Trend_Extrapolation
Ceftriaxone,2026,84.45,Trend_Extrapolation
Ceftriaxone,2027,87.06,Trend_Extrapolation
Ceftriaxone,2028,89.67,Trend_Extrapolation
Ceftriaxone,2029,92.27,Trend_Extrapolation
Ceftriaxone,2030,94.88,Trend_Extrapolation
Ceftriaxone,2031,97.49,Trend_Extrapolation
Colistin,2025,52.86,Trend_Extrapolation
Colistin,2026,53.65,Trend_Extrapolation
Colistin,2027,54.45,Trend_Extrapolation
Colistin,2028,55.24,Trend_Extrapolation
Colistin,2029,56.03,Trend_Extrapolation
Colistin,2030,56.83,Trend_Extrapolation
Colistin,2031,57.62,Trend_Extrapolation
Meropenem,2025,58.19,Trend_Extrapolation
Meropenem,2026,59.74,Trend_Extrapolation
Meropenem,2027,61.3,Trend_Extrapolation
Meropenem,2028,62.86,Trend_Extrapolation
Meropenem,2029,64.42,Trend_Extrapolation
Meropenem,2030,65.98,Trend_Extrapolation
Meropenem,2031,67.53,Trend_Extrapolation
Tigecycline,2025,75.59,Trend_Extrapolation
Tigecycline,2026,78.01,Trend_Extrapolation
Tigecycline,2027,80.42,Trend_Extrapolation
Tigecycline,2028,82.83,Trend_Extrapolation
Tigecycline,2029,85.24,Trend_Extrapolation
Tigecycline,2030,87.66,Trend_Extrapolation
Tigecycline,2031,90.07,Trend_Extrapolation
