Gene,Mean_Abs_SHAP,Mean_Signed_SHAP,Risk_Direction,Approx_Risk_Contribution_%
aac(6')-Ib,0.18981738,-0.005675524,Decreases Resistance Risk,-0.57
blaCTX-M-15,0.15249422,-0.01616789,Decreases Resistance Risk,-1.62
armA,0.13955773,0.000419121,Increases Resistance Risk,0.04
blaKPC-3,0.13366787,-0.004199085,Decreases Resistance Risk,-0.42
blaKPC-2,0.13140087,9.022445e-05,Increases Resistance Risk,0.01
blaSHV,0.12836738,-0.019114444,Decreases Resistance Risk,-1.91
mcr-1,0.1145775,-0.006756413,Decreases Resistance Risk,-0.68
pmrAB,0.107005656,-0.006632006,Decreases Resistance Risk,-0.66
phoPQ,0.10507982,-0.015650086,Decreases Resistance Risk,-1.57
mgrB,0.0869976,-0.009630229,Decreases Resistance Risk,-0.96
rmtF,0.08329257,-0.003442881,Decreases Resistance Risk,-0.34
ompK35,0.077636026,-0.005406901,Decreases Resistance Risk,-0.54
blaNDM-5,0.07307213,-0.015562235,Decreases Resistance Risk,-1.56
ompK36,0.07269968,-0.006430657,Decreases Resistance Risk,-0.64
rmtB,0.071304,-0.01273624,Decreases Resistance Risk,-1.27
mcr-8,0.069615714,-0.017814942,Decreases Resistance Risk,-1.78
tet(B),0.06898008,-0.002645466,Decreases Resistance Risk,-0.26
tet(A),0.06880565,0.000248,Increases Resistance Risk,0.02
blaNDM,0.06532488,-0.012581931,Decreases Resistance Risk,-1.26
aac(6')-Ib-cr,0.06438913,-0.006081783,Decreases Resistance Risk,-0.61
blaOXA-181,0.059353027,-0.00277693,Decreases Resistance Risk,-0.28
tetX,0.057533093,-0.004203784,Decreases Resistance Risk,-0.42
blaKPC,0.05106758,-0.003032523,Decreases Resistance Risk,-0.3
ompK37,0.049241222,-0.009313391,Decreases Resistance Risk,-0.93
blaNDM-1,0.047833726,-0.012724413,Decreases Resistance Risk,-1.27
blaTEM,0.04591712,-0.000638326,Decreases Resistance Risk,-0.06
blaOXA-48,0.04581451,-0.011045962,Decreases Resistance Risk,-1.1
blaOXA-232,0.0401764,0.000297007,Increases Resistance Risk,0.03
blaCTX-M,0.03914668,-0.004229973,Decreases Resistance Risk,-0.42
