Genome_ID,Year,Antibiotic_Name,Resistant_Phenotype,MIC_Value,MIC_Unit
573.1,2004,Ceftazidime,0,16,mg/L
573.1,2004,Ceftazidime-avibactam,0,2,mg/L
573.1,2004,Colistin,0,4,mg/L
573.1,2004,Ceftriaxone,1,16,mg/L
573.1,2004,Meropenem,0,2,mg/L
573.1,2004,Tigecycline,0,32,mg/L
573.1001,2000,Ceftazidime,1,4,mg/L
573.1001,2000,Ceftazidime-avibactam,0,4,mg/L
573.1001,2000,Colistin,0,32,mg/L
573.1001,2000,Ceftriaxone,0,2,mg/L
573.1001,2000,Meropenem,0,4,mg/L
573.1001,2000,Tigecycline,1,2,mg/L
573.1002,2014,Ceftazidime,0,16,mg/L
573.1002,2014,Ceftazidime-avibactam,1,32,mg/L
573.1002,2014,Colistin,0,16,mg/L
573.1002,2014,Ceftriaxone,1,16,mg/L
573.1002,2014,Meropenem,0,32,mg/L
573.1002,2014,Tigecycline,0,32,mg/L
573.1003,2022,Ceftazidime,1,16,mg/L
573.1003,2022,Ceftazidime-avibactam,0,2,mg/L
573.1003,2022,Colistin,1,32,mg/L
573.1003,2022,Ceftriaxone,0,4,mg/L
573.1003,2022,Meropenem,0,2,mg/L
573.1003,2022,Tigecycline,1,4,mg/L
573.1004,2017,Ceftazidime,1,32,mg/L
573.1004,2017,Ceftazidime-avibactam,1,2,mg/L
573.1004,2017,Colistin,0,16,mg/L
573.1004,2017,Ceftriaxone,0,32,mg/L
573.1004,2017,Meropenem,1,32,mg/L
573.1004,2017,Tigecycline,1,4,mg/L
573.1005,2019,Ceftazidime,1,4,mg/L
573.1005,2019,Ceftazidime-avibactam,1,4,mg/L
573.1005,2019,Colistin,0,4,mg/L
573.1005,2019,Ceftriaxone,1,32,mg/L
573.1005,2019,Meropenem,0,32,mg/L
573.1005,2019,Tigecycline,1,4,mg/L
573.1006,2020,Ceftazidime,1,4,mg/L
573.1006,2020,Ceftazidime-avibactam,1,32,mg/L
573.1006,2020,Colistin,0,16,mg/L
573.1006,2020,Ceftriaxone,0,4,mg/L
573.1006,2020,Meropenem,0,32,mg/L
573.1006,2020,Tigecycline,1,2,mg/L
573.1007,2012,Ceftazidime,1,2,mg/L
573.1007,2012,Ceftazidime-avibactam,0,32,mg/L
573.1007,2012,Colistin,1,32,mg/L
573.1007,2012,Ceftriaxone,1,16,mg/L
573.1007,2012,Meropenem,1,32,mg/L
573.1007,2012,Tigecycline,0,2,mg/L
573.1008,2024,Ceftazidime,1,16,mg/L
573.1008,2024,Ceftazidime-avibactam,1,32,mg/L
573.1008,2024,Colistin,0,32,mg/L
573.1008,2024,Ceftriaxone,1,2,mg/L
573.1008,2024,Meropenem,1,16,mg/L
573.1008,2024,Tigecycline,1,2,mg/L
573.1009,2000,Ceftazidime,0,4,mg/L
573.1009,2000,Ceftazidime-avibactam,0,2,mg/L
573.1009,2000,Colistin,0,16,mg/L
573.1009,2000,Ceftriaxone,0,2,mg/L
573.1009,2000,Meropenem,0,16,mg/L
573.1009,2000,Tigecycline,0,16,mg/L
573.101,2024,Ceftazidime,1,16,mg/L
573.101,2024,Ceftazidime-avibactam,1,32,mg/L
573.101,2024,Colistin,1,16,mg/L
573.101,2024,Ceftriaxone,0,2,mg/L
573.101,2024,Meropenem,1,32,mg/L
573.101,2024,Tigecycline,0,2,mg/L
573.1011,2020,Ceftazidime,0,16,mg/L
573.1011,2020,Ceftazidime-avibactam,0,32,mg/L
573.1011,2020,Colistin,0,16,mg/L
573.1011,2020,Ceftriaxone,1,4,mg/L
573.1011,2020,Meropenem,0,4,mg/L
573.1011,2020,Tigecycline,0,2,mg/L
573.1012,2018,Ceftazidime,0,32,mg/L
573.1012,2018,Ceftazidime-avibactam,1,32,mg/L
573.1012,2018,Colistin,0,16,mg/L
573.1012,2018,Ceftriaxone,1,16,mg/L
573.1012,2018,Meropenem,0,16,mg/L
573.1012,2018,Tigecycline,0,2,mg/L
573.1013,2022,Ceftazidime,0,2,mg/L
573.1013,2022,Ceftazidime-avibactam,0,2,mg/L
573.1013,2022,Colistin,1,4,mg/L
573.1013,2022,Ceftriaxone,1,2,mg/L
573.1013,2022,Meropenem,1,2,mg/L
573.1013,2022,Tigecycline,1,32,mg/L
573.1014,2021,Ceftazidime,0,4,mg/L
573.1014,2021,Ceftazidime-avibactam,1,32,mg/L
573.1014,2021,Colistin,0,2,mg/L
573.1014,2021,Ceftriaxone,1,4,mg/L
573.1014,2021,Meropenem,0,4,mg/L
573.1014,2021,Tigecycline,0,16,mg/L
573.1015,2014,Ceftazidime,1,32,mg/L
573.1015,2014,Ceftazidime-avibactam,1,2,mg/L
573.1015,2014,Colistin,0,32,mg/L
573.1015,2014,Ceftriaxone,1,2,mg/L
573.1015,2014,Meropenem,1,2,mg/L
573.1015,2014,Tigecycline,1,4,mg/L
573.1016,2018,Ceftazidime,1,32,mg/L
573.1016,2018,Ceftazidime-avibactam,0,16,mg/L
573.1016,2018,Colistin,0,16,mg/L
573.1016,2018,Ceftriaxone,1,2,mg/L
573.1016,2018,Meropenem,0,32,mg/L
573.1016,2018,Tigecycline,1,4,mg/L
573.1017,2003,Ceftazidime,0,16,mg/L
573.1017,2003,Ceftazidime-avibactam,1,2,mg/L
573.1017,2003,Colistin,1,16,mg/L
573.1017,2003,Ceftriaxone,1,2,mg/L
573.1017,2003,Meropenem,0,32,mg/L
573.1017,2003,Tigecycline,0,16,mg/L
573.1018,2023,Ceftazidime,1,16,mg/L
573.1018,2023,Ceftazidime-avibactam,1,16,mg/L
573.1018,2023,Colistin,1,2,mg/L
573.1018,2023,Ceftriaxone,1,16,mg/L
573.1018,2023,Meropenem,0,2,mg/L
573.1018,2023,Tigecycline,0,2,mg/L
573.1019,2022,Ceftazidime,1,16,mg/L
573.1019,2022,Ceftazidime-avibactam,0,16,mg/L
573.1019,2022,Colistin,1,32,mg/L
573.1019,2022,Ceftriaxone,0,2,mg/L
573.1019,2022,Meropenem,1,2,mg/L
573.1019,2022,Tigecycline,1,32,mg/L
573.102,2009,Ceftazidime,0,32,mg/L
573.102,2009,Ceftazidime-avibactam,0,2,mg/L
573.102,2009,Colistin,1,16,mg/L
573.102,2009,Ceftriaxone,0,16,mg/L
573.102,2009,Meropenem,0,4,mg/L
573.102,2009,Tigecycline,0,32,mg/L
573.1021,2017,Ceftazidime,1,32,mg/L
573.1021,2017,Ceftazidime-avibactam,0,32,mg/L
573.1021,2017,Colistin,0,16,mg/L
573.1021,2017,Ceftriaxone,1,2,mg/L
573.1021,2017,Meropenem,0,2,mg/L
573.1021,2017,Tigecycline,1,4,mg/L
573.1022,2015,Ceftazidime,1,16,mg/L
573.1022,2015,Ceftazidime-avibactam,0,2,mg/L
573.1022,2015,Colistin,1,32,mg/L
573.1022,2015,Ceftriaxone,1,2,mg/L
573.1022,2015,Meropenem,1,32,mg/L
573.1022,2015,Tigecycline,0,16,mg/L
573.1023,2000,Ceftazidime,0,2,mg/L
573.1023,2000,Ceftazidime-avibactam,0,16,mg/L
573.1023,2000,Colistin,0,16,mg/L
573.1023,2000,Ceftriaxone,0,4,mg/L
573.1023,2000,Meropenem,0,2,mg/L
573.1023,2000,Tigecycline,0,32,mg/L
573.1024,2024,Ceftazidime,1,2,mg/L
573.1024,2024,Ceftazidime-avibactam,1,32,mg/L
573.1024,2024,Colistin,1,2,mg/L
573.1024,2024,Ceftriaxone,1,2,mg/L
573.1024,2024,Meropenem,1,32,mg/L
573.1024,2024,Tigecycline,1,2,mg/L
573.1025,2014,Ceftazidime,0,4,mg/L
573.1025,2014,Ceftazidime-avibactam,0,2,mg/L
573.1025,2014,Colistin,0,32,mg/L
573.1025,2014,Ceftriaxone,1,32,mg/L
573.1025,2014,Meropenem,1,4,mg/L
573.1025,2014,Tigecycline,0,16,mg/L
573.1026,1998,Ceftazidime,1,2,mg/L
573.1026,1998,Ceftazidime-avibactam,0,16,mg/L
573.1026,1998,Colistin,0,16,mg/L
573.1026,1998,Ceftriaxone,0,2,mg/L
573.1026,1998,Meropenem,0,4,mg/L
573.1026,1998,Tigecycline,0,32,mg/L
573.1027,2011,Ceftazidime,1,32,mg/L
573.1027,2011,Ceftazidime-avibactam,0,16,mg/L
573.1027,2011,Colistin,1,16,mg/L
573.1027,2011,Ceftriaxone,1,4,mg/L
573.1027,2011,Meropenem,0,2,mg/L
573.1027,2011,Tigecycline,1,4,mg/L
573.1028,2013,Ceftazidime,0,4,mg/L
573.1028,2013,Ceftazidime-avibactam,0,16,mg/L
573.1028,2013,Colistin,1,32,mg/L
573.1028,2013,Ceftriaxone,0,4,mg/L
573.1028,2013,Meropenem,1,32,mg/L
573.1028,2013,Tigecycline,0,2,mg/L
573.1029,2005,Ceftazidime,0,32,mg/L
573.1029,2005,Ceftazidime-avibactam,1,16,mg/L
573.1029,2005,Colistin,0,32,mg/L
573.1029,2005,Ceftriaxone,0,32,mg/L
573.1029,2005,Meropenem,0,4,mg/L
573.1029,2005,Tigecycline,0,4,mg/L
573.103,2019,Ceftazidime,0,4,mg/L
573.103,2019,Ceftazidime-avibactam,1,4,mg/L
573.103,2019,Colistin,0,4,mg/L
573.103,2019,Ceftriaxone,1,2,mg/L
573.103,2019,Meropenem,1,2,mg/L
573.103,2019,Tigecycline,1,32,mg/L
573.1031,2002,Ceftazidime,0,4,mg/L
573.1031,2002,Ceftazidime-avibactam,1,32,mg/L
573.1031,2002,Colistin,0,16,mg/L
573.1031,2002,Ceftriaxone,0,32,mg/L
573.1031,2002,Meropenem,1,4,mg/L
573.1031,2002,Tigecycline,0,4,mg/L
573.1032,2016,Ceftazidime,0,16,mg/L
573.1032,2016,Ceftazidime-avibactam,1,4,mg/L
573.1032,2016,Colistin,1,2,mg/L
573.1032,2016,Ceftriaxone,1,4,mg/L
573.1032,2016,Meropenem,0,2,mg/L
573.1032,2016,Tigecycline,0,2,mg/L
573.1033,2023,Ceftazidime,0,16,mg/L
573.1033,2023,Ceftazidime-avibactam,1,4,mg/L
573.1033,2023,Colistin,1,2,mg/L
573.1033,2023,Ceftriaxone,0,2,mg/L
573.1033,2023,Meropenem,1,2,mg/L
573.1033,2023,Tigecycline,0,16,mg/L
573.1034,2002,Ceftazidime,0,16,mg/L
573.1034,2002,Ceftazidime-avibactam,1,4,mg/L
573.1034,2002,Colistin,0,2,mg/L
573.1034,2002,Ceftriaxone,1,2,mg/L
573.1034,2002,Meropenem,1,2,mg/L
573.1034,2002,Tigecycline,1,4,mg/L
573.1035,2011,Ceftazidime,0,2,mg/L
573.1035,2011,Ceftazidime-avibactam,0,4,mg/L
573.1035,2011,Colistin,0,2,mg/L
573.1035,2011,Ceftriaxone,0,2,mg/L
573.1035,2011,Meropenem,0,2,mg/L
573.1035,2011,Tigecycline,1,4,mg/L
573.1036,2019,Ceftazidime,0,4,mg/L
573.1036,2019,Ceftazidime-avibactam,1,4,mg/L
573.1036,2019,Colistin,0,4,mg/L
573.1036,2019,Ceftriaxone,1,32,mg/L
573.1036,2019,Meropenem,0,32,mg/L
573.1036,2019,Tigecycline,0,32,mg/L
573.1037,2020,Ceftazidime,0,32,mg/L
573.1037,2020,Ceftazidime-avibactam,1,16,mg/L
573.1037,2020,Colistin,0,32,mg/L
573.1037,2020,Ceftriaxone,1,32,mg/L
573.1037,2020,Meropenem,1,2,mg/L
573.1037,2020,Tigecycline,1,2,mg/L
573.1038,2009,Ceftazidime,0,2,mg/L
573.1038,2009,Ceftazidime-avibactam,0,16,mg/L
573.1038,2009,Colistin,1,2,mg/L
573.1038,2009,Ceftriaxone,1,4,mg/L
573.1038,2009,Meropenem,1,16,mg/L
573.1038,2009,Tigecycline,0,16,mg/L
573.1039,2014,Ceftazidime,0,2,mg/L
573.1039,2014,Ceftazidime-avibactam,0,4,mg/L
573.1039,2014,Colistin,1,16,mg/L
573.1039,2014,Ceftriaxone,1,32,mg/L
573.1039,2014,Meropenem,0,4,mg/L
573.1039,2014,Tigecycline,0,2,mg/L
573.104,2021,Ceftazidime,0,2,mg/L
573.104,2021,Ceftazidime-avibactam,0,32,mg/L
573.104,2021,Colistin,1,2,mg/L
573.104,2021,Ceftriaxone,1,16,mg/L
573.104,2021,Meropenem,0,32,mg/L
573.104,2021,Tigecycline,1,2,mg/L
573.1041,2004,Ceftazidime,0,16,mg/L
573.1041,2004,Ceftazidime-avibactam,0,2,mg/L
573.1041,2004,Colistin,1,16,mg/L
573.1041,2004,Ceftriaxone,0,2,mg/L
573.1041,2004,Meropenem,1,4,mg/L
573.1041,2004,Tigecycline,0,4,mg/L
573.1042,2017,Ceftazidime,0,4,mg/L
573.1042,2017,Ceftazidime-avibactam,1,16,mg/L
573.1042,2017,Colistin,1,32,mg/L
573.1042,2017,Ceftriaxone,0,16,mg/L
573.1042,2017,Meropenem,1,16,mg/L
573.1042,2017,Tigecycline,0,16,mg/L
573.1043,2017,Ceftazidime,0,16,mg/L
573.1043,2017,Ceftazidime-avibactam,1,2,mg/L
573.1043,2017,Colistin,1,2,mg/L
573.1043,2017,Ceftriaxone,0,2,mg/L
573.1043,2017,Meropenem,0,16,mg/L
573.1043,2017,Tigecycline,0,16,mg/L
573.1044,2010,Ceftazidime,0,4,mg/L
573.1044,2010,Ceftazidime-avibactam,1,16,mg/L
573.1044,2010,Colistin,1,16,mg/L
573.1044,2010,Ceftriaxone,0,16,mg/L
573.1044,2010,Meropenem,0,16,mg/L
573.1044,2010,Tigecycline,1,4,mg/L
573.1045,2023,Ceftazidime,1,2,mg/L
573.1045,2023,Ceftazidime-avibactam,0,4,mg/L
573.1045,2023,Colistin,0,4,mg/L
573.1045,2023,Ceftriaxone,1,16,mg/L
573.1045,2023,Meropenem,0,2,mg/L
573.1045,2023,Tigecycline,1,4,mg/L
573.1046,2016,Ceftazidime,0,2,mg/L
573.1046,2016,Ceftazidime-avibactam,1,32,mg/L
573.1046,2016,Colistin,1,16,mg/L
573.1046,2016,Ceftriaxone,0,32,mg/L
573.1046,2016,Meropenem,1,32,mg/L
573.1046,2016,Tigecycline,1,2,mg/L
573.1047,2009,Ceftazidime,0,16,mg/L
573.1047,2009,Ceftazidime-avibactam,1,16,mg/L
573.1047,2009,Colistin,1,16,mg/L
573.1047,2009,Ceftriaxone,1,4,mg/L
573.1047,2009,Meropenem,0,4,mg/L
573.1047,2009,Tigecycline,0,32,mg/L
573.1048,2006,Ceftazidime,0,16,mg/L
573.1048,2006,Ceftazidime-avibactam,0,4,mg/L
573.1048,2006,Colistin,0,32,mg/L
573.1048,2006,Ceftriaxone,1,32,mg/L
573.1048,2006,Meropenem,0,2,mg/L
573.1048,2006,Tigecycline,0,32,mg/L
573.1049,2010,Ceftazidime,0,2,mg/L
573.1049,2010,Ceftazidime-avibactam,1,32,mg/L
573.1049,2010,Colistin,0,16,mg/L
573.1049,2010,Ceftriaxone,0,32,mg/L
573.1049,2010,Meropenem,0,32,mg/L
573.1049,2010,Tigecycline,1,16,mg/L
573.105,2006,Ceftazidime,1,16,mg/L
573.105,2006,Ceftazidime-avibactam,0,2,mg/L
573.105,2006,Colistin,0,16,mg/L
573.105,2006,Ceftriaxone,0,2,mg/L
573.105,2006,Meropenem,0,4,mg/L
573.105,2006,Tigecycline,0,32,mg/L
573.1051,2003,Ceftazidime,0,32,mg/L
573.1051,2003,Ceftazidime-avibactam,0,4,mg/L
573.1051,2003,Colistin,1,4,mg/L
573.1051,2003,Ceftriaxone,0,32,mg/L
573.1051,2003,Meropenem,0,32,mg/L
573.1051,2003,Tigecycline,0,32,mg/L
573.1052,2024,Ceftazidime,0,2,mg/L
573.1052,2024,Ceftazidime-avibactam,1,2,mg/L
573.1052,2024,Colistin,0,32,mg/L
573.1052,2024,Ceftriaxone,1,2,mg/L
573.1052,2024,Meropenem,0,2,mg/L
573.1052,2024,Tigecycline,0,16,mg/L
573.1053,2002,Ceftazidime,0,4,mg/L
573.1053,2002,Ceftazidime-avibactam,1,4,mg/L
573.1053,2002,Colistin,0,2,mg/L
573.1053,2002,Ceftriaxone,1,32,mg/L
573.1053,2002,Meropenem,0,2,mg/L
573.1053,2002,Tigecycline,0,16,mg/L
573.1054,2014,Ceftazidime,1,4,mg/L
573.1054,2014,Ceftazidime-avibactam,1,4,mg/L
573.1054,2014,Colistin,0,2,mg/L
573.1054,2014,Ceftriaxone,0,4,mg/L
573.1054,2014,Meropenem,1,16,mg/L
573.1054,2014,Tigecycline,1,32,mg/L
573.1055,2020,Ceftazidime,0,2,mg/L
573.1055,2020,Ceftazidime-avibactam,1,2,mg/L
573.1055,2020,Colistin,0,2,mg/L
573.1055,2020,Ceftriaxone,1,2,mg/L
573.1055,2020,Meropenem,0,4,mg/L
573.1055,2020,Tigecycline,1,2,mg/L
573.1056,2011,Ceftazidime,1,2,mg/L
573.1056,2011,Ceftazidime-avibactam,0,2,mg/L
573.1056,2011,Colistin,1,2,mg/L
573.1056,2011,Ceftriaxone,0,32,mg/L
573.1056,2011,Meropenem,1,16,mg/L
573.1056,2011,Tigecycline,1,4,mg/L
573.1057,2023,Ceftazidime,1,4,mg/L
573.1057,2023,Ceftazidime-avibactam,0,4,mg/L
573.1057,2023,Colistin,0,4,mg/L
573.1057,2023,Ceftriaxone,0,4,mg/L
573.1057,2023,Meropenem,0,2,mg/L
573.1057,2023,Tigecycline,1,16,mg/L
573.1058,2012,Ceftazidime,1,2,mg/L
573.1058,2012,Ceftazidime-avibactam,0,4,mg/L
573.1058,2012,Colistin,0,16,mg/L
573.1058,2012,Ceftriaxone,1,32,mg/L
573.1058,2012,Meropenem,0,4,mg/L
573.1058,2012,Tigecycline,0,4,mg/L
573.1059,2012,Ceftazidime,0,16,mg/L
573.1059,2012,Ceftazidime-avibactam,0,2,mg/L
573.1059,2012,Colistin,0,32,mg/L
573.1059,2012,Ceftriaxone,0,4,mg/L
573.1059,2012,Meropenem,0,16,mg/L
573.1059,2012,Tigecycline,0,2,mg/L
573.106,2001,Ceftazidime,0,2,mg/L
573.106,2001,Ceftazidime-avibactam,0,32,mg/L
573.106,2001,Colistin,1,2,mg/L
573.106,2001,Ceftriaxone,0,2,mg/L
573.106,2001,Meropenem,0,4,mg/L
573.106,2001,Tigecycline,0,32,mg/L
573.1061,2008,Ceftazidime,1,2,mg/L
573.1061,2008,Ceftazidime-avibactam,0,32,mg/L
573.1061,2008,Colistin,1,4,mg/L
573.1061,2008,Ceftriaxone,0,32,mg/L
573.1061,2008,Meropenem,1,32,mg/L
573.1061,2008,Tigecycline,0,32,mg/L
573.1062,2000,Ceftazidime,0,32,mg/L
573.1062,2000,Ceftazidime-avibactam,1,4,mg/L
573.1062,2000,Colistin,0,2,mg/L
573.1062,2000,Ceftriaxone,1,32,mg/L
573.1062,2000,Meropenem,0,4,mg/L
573.1062,2000,Tigecycline,1,2,mg/L
573.1063,2002,Ceftazidime,0,4,mg/L
573.1063,2002,Ceftazidime-avibactam,0,2,mg/L
573.1063,2002,Colistin,0,2,mg/L
573.1063,2002,Ceftriaxone,0,4,mg/L
573.1063,2002,Meropenem,0,2,mg/L
573.1063,2002,Tigecycline,0,32,mg/L
573.1064,2008,Ceftazidime,0,2,mg/L
573.1064,2008,Ceftazidime-avibactam,1,32,mg/L
573.1064,2008,Colistin,0,2,mg/L
573.1064,2008,Ceftriaxone,0,32,mg/L
573.1064,2008,Meropenem,1,16,mg/L
573.1064,2008,Tigecycline,0,4,mg/L
573.1065,2023,Ceftazidime,0,4,mg/L
573.1065,2023,Ceftazidime-avibactam,1,2,mg/L
573.1065,2023,Colistin,1,16,mg/L
573.1065,2023,Ceftriaxone,1,16,mg/L
573.1065,2023,Meropenem,0,16,mg/L
573.1065,2023,Tigecycline,1,16,mg/L
573.1066,2010,Ceftazidime,0,4,mg/L
573.1066,2010,Ceftazidime-avibactam,0,16,mg/L
573.1066,2010,Colistin,1,16,mg/L
573.1066,2010,Ceftriaxone,1,4,mg/L
573.1066,2010,Meropenem,0,2,mg/L
573.1066,2010,Tigecycline,1,4,mg/L
573.1067,2009,Ceftazidime,1,2,mg/L
573.1067,2009,Ceftazidime-avibactam,0,32,mg/L
573.1067,2009,Colistin,1,2,mg/L
573.1067,2009,Ceftriaxone,0,16,mg/L
573.1067,2009,Meropenem,0,4,mg/L
573.1067,2009,Tigecycline,0,32,mg/L
573.1068,2005,Ceftazidime,0,16,mg/L
573.1068,2005,Ceftazidime-avibactam,0,2,mg/L
573.1068,2005,Colistin,0,4,mg/L
573.1068,2005,Ceftriaxone,0,16,mg/L
573.1068,2005,Meropenem,0,2,mg/L
573.1068,2005,Tigecycline,0,2,mg/L
573.1069,1998,Ceftazidime,1,2,mg/L
573.1069,1998,Ceftazidime-avibactam,0,16,mg/L
573.1069,1998,Colistin,0,4,mg/L
573.1069,1998,Ceftriaxone,0,4,mg/L
573.1069,1998,Meropenem,0,32,mg/L
573.1069,1998,Tigecycline,0,16,mg/L
573.107,2000,Ceftazidime,0,32,mg/L
573.107,2000,Ceftazidime-avibactam,0,32,mg/L
573.107,2000,Colistin,1,4,mg/L
573.107,2000,Ceftriaxone,0,16,mg/L
573.107,2000,Meropenem,0,4,mg/L
573.107,2000,Tigecycline,0,4,mg/L
573.1071,2021,Ceftazidime,0,4,mg/L
573.1071,2021,Ceftazidime-avibactam,0,16,mg/L
573.1071,2021,Colistin,1,4,mg/L
573.1071,2021,Ceftriaxone,1,32,mg/L
573.1071,2021,Meropenem,1,4,mg/L
573.1071,2021,Tigecycline,1,16,mg/L
573.1072,2017,Ceftazidime,1,2,mg/L
573.1072,2017,Ceftazidime-avibactam,1,2,mg/L
573.1072,2017,Colistin,0,32,mg/L
573.1072,2017,Ceftriaxone,1,4,mg/L
573.1072,2017,Meropenem,1,32,mg/L
573.1072,2017,Tigecycline,1,16,mg/L
573.1073,1998,Ceftazidime,0,32,mg/L
573.1073,1998,Ceftazidime-avibactam,1,16,mg/L
573.1073,1998,Colistin,0,4,mg/L
573.1073,1998,Ceftriaxone,0,4,mg/L
573.1073,1998,Meropenem,1,16,mg/L
573.1073,1998,Tigecycline,0,2,mg/L
573.1074,2006,Ceftazidime,0,32,mg/L
573.1074,2006,Ceftazidime-avibactam,0,16,mg/L
573.1074,2006,Colistin,0,2,mg/L
573.1074,2006,Ceftriaxone,0,32,mg/L
573.1074,2006,Meropenem,0,4,mg/L
573.1074,2006,Tigecycline,0,16,mg/L
573.1075,2006,Ceftazidime,1,16,mg/L
573.1075,2006,Ceftazidime-avibactam,1,32,mg/L
573.1075,2006,Colistin,0,32,mg/L
573.1075,2006,Ceftriaxone,0,32,mg/L
573.1075,2006,Meropenem,0,2,mg/L
573.1075,2006,Tigecycline,1,4,mg/L
573.1076,2000,Ceftazidime,1,2,mg/L
573.1076,2000,Ceftazidime-avibactam,0,4,mg/L
573.1076,2000,Colistin,0,32,mg/L
573.1076,2000,Ceftriaxone,0,4,mg/L
573.1076,2000,Meropenem,0,32,mg/L
573.1076,2000,Tigecycline,0,32,mg/L
573.1077,2011,Ceftazidime,0,2,mg/L
573.1077,2011,Ceftazidime-avibactam,1,16,mg/L
573.1077,2011,Colistin,0,2,mg/L
573.1077,2011,Ceftriaxone,1,2,mg/L
573.1077,2011,Meropenem,1,4,mg/L
573.1077,2011,Tigecycline,0,32,mg/L
573.1078,2005,Ceftazidime,0,16,mg/L
573.1078,2005,Ceftazidime-avibactam,0,16,mg/L
573.1078,2005,Colistin,0,32,mg/L
573.1078,2005,Ceftriaxone,0,32,mg/L
573.1078,2005,Meropenem,0,2,mg/L
573.1078,2005,Tigecycline,0,4,mg/L
573.1079,2004,Ceftazidime,0,2,mg/L
573.1079,2004,Ceftazidime-avibactam,1,2,mg/L
573.1079,2004,Colistin,0,16,mg/L
573.1079,2004,Ceftriaxone,0,4,mg/L
573.1079,2004,Meropenem,1,4,mg/L
573.1079,2004,Tigecycline,0,16,mg/L
573.108,2007,Ceftazidime,0,4,mg/L
573.108,2007,Ceftazidime-avibactam,0,16,mg/L
573.108,2007,Colistin,0,32,mg/L
573.108,2007,Ceftriaxone,0,16,mg/L
573.108,2007,Meropenem,0,2,mg/L
573.108,2007,Tigecycline,0,32,mg/L
573.1081,2009,Ceftazidime,0,16,mg/L
573.1081,2009,Ceftazidime-avibactam,0,16,mg/L
573.1081,2009,Colistin,0,4,mg/L
573.1081,2009,Ceftriaxone,1,2,mg/L
573.1081,2009,Meropenem,0,4,mg/L
573.1081,2009,Tigecycline,0,4,mg/L
573.1082,2003,Ceftazidime,0,16,mg/L
573.1082,2003,Ceftazidime-avibactam,0,16,mg/L
573.1082,2003,Colistin,1,2,mg/L
573.1082,2003,Ceftriaxone,1,4,mg/L
573.1082,2003,Meropenem,0,16,mg/L
573.1082,2003,Tigecycline,0,16,mg/L
573.1083,2009,Ceftazidime,1,32,mg/L
573.1083,2009,Ceftazidime-avibactam,0,32,mg/L
573.1083,2009,Colistin,1,16,mg/L
573.1083,2009,Ceftriaxone,1,32,mg/L
573.1083,2009,Meropenem,0,2,mg/L
573.1083,2009,Tigecycline,0,2,mg/L
573.1084,2011,Ceftazidime,0,4,mg/L
573.1084,2011,Ceftazidime-avibactam,0,2,mg/L
573.1084,2011,Colistin,1,2,mg/L
573.1084,2011,Ceftriaxone,1,32,mg/L
573.1084,2011,Meropenem,1,2,mg/L
573.1084,2011,Tigecycline,1,4,mg/L
573.1085,2020,Ceftazidime,1,16,mg/L
573.1085,2020,Ceftazidime-avibactam,1,2,mg/L
573.1085,2020,Colistin,0,4,mg/L
573.1085,2020,Ceftriaxone,0,2,mg/L
573.1085,2020,Meropenem,0,16,mg/L
573.1085,2020,Tigecycline,1,2,mg/L
573.1086,2023,Ceftazidime,0,4,mg/L
573.1086,2023,Ceftazidime-avibactam,1,16,mg/L
573.1086,2023,Colistin,0,2,mg/L
573.1086,2023,Ceftriaxone,1,16,mg/L
573.1086,2023,Meropenem,1,16,mg/L
573.1086,2023,Tigecycline,1,2,mg/L
573.1087,2004,Ceftazidime,1,2,mg/L
573.1087,2004,Ceftazidime-avibactam,0,2,mg/L
573.1087,2004,Colistin,0,16,mg/L
573.1087,2004,Ceftriaxone,0,32,mg/L
573.1087,2004,Meropenem,1,2,mg/L
573.1087,2004,Tigecycline,1,32,mg/L
573.1088,2006,Ceftazidime,1,4,mg/L
573.1088,2006,Ceftazidime-avibactam,0,16,mg/L
573.1088,2006,Colistin,0,2,mg/L
573.1088,2006,Ceftriaxone,1,32,mg/L
573.1088,2006,Meropenem,1,16,mg/L
573.1088,2006,Tigecycline,0,32,mg/L
573.1089,2016,Ceftazidime,1,4,mg/L
573.1089,2016,Ceftazidime-avibactam,1,2,mg/L
573.1089,2016,Colistin,1,32,mg/L
573.1089,2016,Ceftriaxone,0,4,mg/L
573.1089,2016,Meropenem,1,16,mg/L
573.1089,2016,Tigecycline,1,4,mg/L
573.109,2019,Ceftazidime,1,4,mg/L
573.109,2019,Ceftazidime-avibactam,1,16,mg/L
573.109,2019,Colistin,1,2,mg/L
573.109,2019,Ceftriaxone,1,16,mg/L
573.109,2019,Meropenem,0,32,mg/L
573.109,2019,Tigecycline,1,16,mg/L
573.1091,2011,Ceftazidime,0,2,mg/L
573.1091,2011,Ceftazidime-avibactam,1,32,mg/L
573.1091,2011,Colistin,0,16,mg/L
573.1091,2011,Ceftriaxone,0,2,mg/L
573.1091,2011,Meropenem,0,16,mg/L
573.1091,2011,Tigecycline,1,16,mg/L
573.1092,2005,Ceftazidime,1,16,mg/L
573.1092,2005,Ceftazidime-avibactam,0,16,mg/L
573.1092,2005,Colistin,0,16,mg/L
573.1092,2005,Ceftriaxone,0,16,mg/L
573.1092,2005,Meropenem,1,4,mg/L
573.1092,2005,Tigecycline,0,4,mg/L
573.1093,2008,Ceftazidime,0,32,mg/L
573.1093,2008,Ceftazidime-avibactam,0,2,mg/L
573.1093,2008,Colistin,0,16,mg/L
573.1093,2008,Ceftriaxone,0,16,mg/L
573.1093,2008,Meropenem,0,2,mg/L
573.1093,2008,Tigecycline,1,16,mg/L
573.1094,2013,Ceftazidime,1,32,mg/L
573.1094,2013,Ceftazidime-avibactam,0,4,mg/L
573.1094,2013,Colistin,0,16,mg/L
573.1094,2013,Ceftriaxone,0,16,mg/L
573.1094,2013,Meropenem,1,4,mg/L
573.1094,2013,Tigecycline,1,16,mg/L
573.1095,2009,Ceftazidime,0,2,mg/L
573.1095,2009,Ceftazidime-avibactam,0,4,mg/L
573.1095,2009,Colistin,1,2,mg/L
573.1095,2009,Ceftriaxone,1,32,mg/L
573.1095,2009,Meropenem,0,32,mg/L
573.1095,2009,Tigecycline,1,4,mg/L
573.1096,2021,Ceftazidime,0,16,mg/L
573.1096,2021,Ceftazidime-avibactam,0,2,mg/L
573.1096,2021,Colistin,1,2,mg/L
573.1096,2021,Ceftriaxone,1,32,mg/L
573.1096,2021,Meropenem,0,2,mg/L
573.1096,2021,Tigecycline,1,4,mg/L
573.1097,2019,Ceftazidime,0,32,mg/L
573.1097,2019,Ceftazidime-avibactam,1,2,mg/L
573.1097,2019,Colistin,1,16,mg/L
573.1097,2019,Ceftriaxone,0,4,mg/L
573.1097,2019,Meropenem,0,2,mg/L
573.1097,2019,Tigecycline,0,2,mg/L
573.1098,2003,Ceftazidime,1,2,mg/L
573.1098,2003,Ceftazidime-avibactam,0,4,mg/L
573.1098,2003,Colistin,0,2,mg/L
573.1098,2003,Ceftriaxone,1,2,mg/L
573.1098,2003,Meropenem,0,16,mg/L
573.1098,2003,Tigecycline,0,32,mg/L
573.1099,1999,Ceftazidime,0,2,mg/L
573.1099,1999,Ceftazidime-avibactam,0,4,mg/L
573.1099,1999,Colistin,0,4,mg/L
573.1099,1999,Ceftriaxone,0,4,mg/L
573.1099,1999,Meropenem,0,32,mg/L
573.1099,1999,Tigecycline,0,4,mg/L
573.11,2008,Ceftazidime,1,2,mg/L
573.11,2008,Ceftazidime-avibactam,0,4,mg/L
573.11,2008,Colistin,1,16,mg/L
573.11,2008,Ceftriaxone,1,32,mg/L
573.11,2008,Meropenem,0,16,mg/L
573.11,2008,Tigecycline,1,16,mg/L
573.1101,2019,Ceftazidime,1,16,mg/L
573.1101,2019,Ceftazidime-avibactam,0,4,mg/L
573.1101,2019,Colistin,0,2,mg/L
573.1101,2019,Ceftriaxone,1,16,mg/L
573.1101,2019,Meropenem,1,16,mg/L
573.1101,2019,Tigecycline,0,2,mg/L
573.1102,2024,Ceftazidime,1,4,mg/L
573.1102,2024,Ceftazidime-avibactam,1,4,mg/L
573.1102,2024,Colistin,1,2,mg/L
573.1102,2024,Ceftriaxone,1,2,mg/L
573.1102,2024,Meropenem,1,16,mg/L
573.1102,2024,Tigecycline,1,2,mg/L
573.1103,2004,Ceftazidime,1,4,mg/L
573.1103,2004,Ceftazidime-avibactam,0,32,mg/L
573.1103,2004,Colistin,0,4,mg/L
573.1103,2004,Ceftriaxone,0,16,mg/L
573.1103,2004,Meropenem,0,16,mg/L
573.1103,2004,Tigecycline,0,2,mg/L
573.1104,2014,Ceftazidime,0,16,mg/L
573.1104,2014,Ceftazidime-avibactam,0,32,mg/L
573.1104,2014,Colistin,0,32,mg/L
573.1104,2014,Ceftriaxone,0,16,mg/L
573.1104,2014,Meropenem,0,16,mg/L
573.1104,2014,Tigecycline,0,32,mg/L
573.1105,2003,Ceftazidime,0,4,mg/L
573.1105,2003,Ceftazidime-avibactam,0,16,mg/L
573.1105,2003,Colistin,0,2,mg/L
573.1105,2003,Ceftriaxone,0,16,mg/L
573.1105,2003,Meropenem,1,32,mg/L
573.1105,2003,Tigecycline,0,16,mg/L
573.1106,2023,Ceftazidime,1,4,mg/L
573.1106,2023,Ceftazidime-avibactam,1,16,mg/L
573.1106,2023,Colistin,0,2,mg/L
573.1106,2023,Ceftriaxone,1,32,mg/L
573.1106,2023,Meropenem,0,16,mg/L
573.1106,2023,Tigecycline,0,16,mg/L
573.1107,2017,Ceftazidime,0,4,mg/L
573.1107,2017,Ceftazidime-avibactam,1,16,mg/L
573.1107,2017,Colistin,1,16,mg/L
573.1107,2017,Ceftriaxone,1,32,mg/L
573.1107,2017,Meropenem,1,4,mg/L
573.1107,2017,Tigecycline,0,16,mg/L
573.1108,2005,Ceftazidime,0,16,mg/L
573.1108,2005,Ceftazidime-avibactam,1,16,mg/L
573.1108,2005,Colistin,0,32,mg/L
573.1108,2005,Ceftriaxone,0,2,mg/L
573.1108,2005,Meropenem,0,2,mg/L
573.1108,2005,Tigecycline,0,4,mg/L
573.1109,2009,Ceftazidime,1,16,mg/L
573.1109,2009,Ceftazidime-avibactam,0,4,mg/L
573.1109,2009,Colistin,1,16,mg/L
573.1109,2009,Ceftriaxone,1,4,mg/L
573.1109,2009,Meropenem,0,16,mg/L
573.1109,2009,Tigecycline,1,4,mg/L
573.111,2017,Ceftazidime,1,2,mg/L
573.111,2017,Ceftazidime-avibactam,1,2,mg/L
573.111,2017,Colistin,1,32,mg/L
573.111,2017,Ceftriaxone,0,16,mg/L
573.111,2017,Meropenem,1,4,mg/L
573.111,2017,Tigecycline,1,16,mg/L
573.1111,2017,Ceftazidime,0,4,mg/L
573.1111,2017,Ceftazidime-avibactam,1,2,mg/L
573.1111,2017,Colistin,1,4,mg/L
573.1111,2017,Ceftriaxone,0,4,mg/L
573.1111,2017,Meropenem,1,2,mg/L
573.1111,2017,Tigecycline,1,2,mg/L
573.1112,2011,Ceftazidime,1,16,mg/L
573.1112,2011,Ceftazidime-avibactam,1,32,mg/L
573.1112,2011,Colistin,1,16,mg/L
573.1112,2011,Ceftriaxone,0,2,mg/L
573.1112,2011,Meropenem,1,32,mg/L
573.1112,2011,Tigecycline,0,32,mg/L
573.1113,2011,Ceftazidime,0,4,mg/L
573.1113,2011,Ceftazidime-avibactam,0,2,mg/L
573.1113,2011,Colistin,0,32,mg/L
573.1113,2011,Ceftriaxone,1,32,mg/L
573.1113,2011,Meropenem,0,4,mg/L
573.1113,2011,Tigecycline,0,2,mg/L
573.1114,2011,Ceftazidime,1,4,mg/L
573.1114,2011,Ceftazidime-avibactam,1,2,mg/L
573.1114,2011,Colistin,1,16,mg/L
573.1114,2011,Ceftriaxone,0,2,mg/L
573.1114,2011,Meropenem,1,16,mg/L
573.1114,2011,Tigecycline,1,2,mg/L
573.1115,2000,Ceftazidime,0,2,mg/L
573.1115,2000,Ceftazidime-avibactam,1,4,mg/L
573.1115,2000,Colistin,0,4,mg/L
573.1115,2000,Ceftriaxone,0,32,mg/L
573.1115,2000,Meropenem,0,16,mg/L
573.1115,2000,Tigecycline,0,32,mg/L
573.1116,2012,Ceftazidime,1,32,mg/L
573.1116,2012,Ceftazidime-avibactam,0,4,mg/L
573.1116,2012,Colistin,0,32,mg/L
573.1116,2012,Ceftriaxone,1,32,mg/L
573.1116,2012,Meropenem,0,16,mg/L
573.1116,2012,Tigecycline,0,32,mg/L
573.1117,2007,Ceftazidime,0,32,mg/L
573.1117,2007,Ceftazidime-avibactam,0,16,mg/L
573.1117,2007,Colistin,1,32,mg/L
573.1117,2007,Ceftriaxone,1,4,mg/L
573.1117,2007,Meropenem,1,2,mg/L
573.1117,2007,Tigecycline,1,4,mg/L
573.1118,2003,Ceftazidime,0,32,mg/L
573.1118,2003,Ceftazidime-avibactam,0,2,mg/L
573.1118,2003,Colistin,0,4,mg/L
573.1118,2003,Ceftriaxone,0,32,mg/L
573.1118,2003,Meropenem,0,16,mg/L
573.1118,2003,Tigecycline,0,32,mg/L
573.1119,2005,Ceftazidime,0,16,mg/L
573.1119,2005,Ceftazidime-avibactam,0,2,mg/L
573.1119,2005,Colistin,0,16,mg/L
573.1119,2005,Ceftriaxone,0,32,mg/L
573.1119,2005,Meropenem,0,16,mg/L
573.1119,2005,Tigecycline,1,2,mg/L
573.112,2008,Ceftazidime,1,2,mg/L
573.112,2008,Ceftazidime-avibactam,0,16,mg/L
573.112,2008,Colistin,0,32,mg/L
573.112,2008,Ceftriaxone,1,16,mg/L
573.112,2008,Meropenem,0,2,mg/L
573.112,2008,Tigecycline,1,16,mg/L
573.1121,2007,Ceftazidime,1,16,mg/L
573.1121,2007,Ceftazidime-avibactam,1,16,mg/L
573.1121,2007,Colistin,1,32,mg/L
573.1121,2007,Ceftriaxone,0,2,mg/L
573.1121,2007,Meropenem,0,16,mg/L
573.1121,2007,Tigecycline,1,2,mg/L
573.1122,2011,Ceftazidime,1,2,mg/L
573.1122,2011,Ceftazidime-avibactam,0,16,mg/L
573.1122,2011,Colistin,1,32,mg/L
573.1122,2011,Ceftriaxone,0,16,mg/L
573.1122,2011,Meropenem,1,16,mg/L
573.1122,2011,Tigecycline,0,4,mg/L
573.1123,2006,Ceftazidime,0,16,mg/L
573.1123,2006,Ceftazidime-avibactam,0,16,mg/L
573.1123,2006,Colistin,0,2,mg/L
573.1123,2006,Ceftriaxone,0,32,mg/L
573.1123,2006,Meropenem,0,4,mg/L
573.1123,2006,Tigecycline,0,32,mg/L
573.1124,2014,Ceftazidime,0,2,mg/L
573.1124,2014,Ceftazidime-avibactam,0,2,mg/L
573.1124,2014,Colistin,1,32,mg/L
573.1124,2014,Ceftriaxone,1,4,mg/L
573.1124,2014,Meropenem,0,16,mg/L
573.1124,2014,Tigecycline,0,32,mg/L
573.1125,2024,Ceftazidime,1,2,mg/L
573.1125,2024,Ceftazidime-avibactam,1,2,mg/L
573.1125,2024,Colistin,1,4,mg/L
573.1125,2024,Ceftriaxone,1,32,mg/L
573.1125,2024,Meropenem,0,4,mg/L
573.1125,2024,Tigecycline,1,4,mg/L
573.1126,2011,Ceftazidime,0,32,mg/L
573.1126,2011,Ceftazidime-avibactam,0,2,mg/L
573.1126,2011,Colistin,0,16,mg/L
573.1126,2011,Ceftriaxone,0,2,mg/L
573.1126,2011,Meropenem,1,32,mg/L
573.1126,2011,Tigecycline,1,4,mg/L
573.1127,2017,Ceftazidime,0,16,mg/L
573.1127,2017,Ceftazidime-avibactam,0,4,mg/L
573.1127,2017,Colistin,1,32,mg/L
573.1127,2017,Ceftriaxone,0,16,mg/L
573.1127,2017,Meropenem,1,16,mg/L
573.1127,2017,Tigecycline,0,16,mg/L
573.1128,2022,Ceftazidime,1,16,mg/L
573.1128,2022,Ceftazidime-avibactam,1,32,mg/L
573.1128,2022,Colistin,0,4,mg/L
573.1128,2022,Ceftriaxone,1,32,mg/L
573.1128,2022,Meropenem,0,32,mg/L
573.1128,2022,Tigecycline,1,16,mg/L
573.1129,2009,Ceftazidime,0,32,mg/L
573.1129,2009,Ceftazidime-avibactam,1,2,mg/L
573.1129,2009,Colistin,0,2,mg/L
573.1129,2009,Ceftriaxone,1,16,mg/L
573.1129,2009,Meropenem,0,32,mg/L
573.1129,2009,Tigecycline,1,2,mg/L
573.113,2009,Ceftazidime,1,32,mg/L
573.113,2009,Ceftazidime-avibactam,0,32,mg/L
573.113,2009,Colistin,0,2,mg/L
573.113,2009,Ceftriaxone,1,16,mg/L
573.113,2009,Meropenem,1,32,mg/L
573.113,2009,Tigecycline,1,2,mg/L
573.1131,2003,Ceftazidime,1,32,mg/L
573.1131,2003,Ceftazidime-avibactam,1,4,mg/L
573.1131,2003,Colistin,0,4,mg/L
573.1131,2003,Ceftriaxone,0,16,mg/L
573.1131,2003,Meropenem,0,2,mg/L
573.1131,2003,Tigecycline,1,4,mg/L
573.1132,2015,Ceftazidime,1,16,mg/L
573.1132,2015,Ceftazidime-avibactam,0,16,mg/L
573.1132,2015,Colistin,0,2,mg/L
573.1132,2015,Ceftriaxone,0,2,mg/L
573.1132,2015,Meropenem,1,4,mg/L
573.1132,2015,Tigecycline,0,2,mg/L
573.1133,2014,Ceftazidime,1,4,mg/L
573.1133,2014,Ceftazidime-avibactam,1,32,mg/L
573.1133,2014,Colistin,0,32,mg/L
573.1133,2014,Ceftriaxone,0,4,mg/L
573.1133,2014,Meropenem,0,4,mg/L
573.1133,2014,Tigecycline,1,4,mg/L
573.1134,1998,Ceftazidime,1,2,mg/L
573.1134,1998,Ceftazidime-avibactam,1,2,mg/L
573.1134,1998,Colistin,1,4,mg/L
573.1134,1998,Ceftriaxone,0,4,mg/L
573.1134,1998,Meropenem,0,4,mg/L
573.1134,1998,Tigecycline,0,16,mg/L
573.1135,1999,Ceftazidime,1,32,mg/L
573.1135,1999,Ceftazidime-avibactam,1,16,mg/L
573.1135,1999,Colistin,1,16,mg/L
573.1135,1999,Ceftriaxone,1,4,mg/L
573.1135,1999,Meropenem,0,16,mg/L
573.1135,1999,Tigecycline,0,4,mg/L
573.1136,2009,Ceftazidime,0,4,mg/L
573.1136,2009,Ceftazidime-avibactam,0,32,mg/L
573.1136,2009,Colistin,1,16,mg/L
573.1136,2009,Ceftriaxone,0,16,mg/L
573.1136,2009,Meropenem,0,32,mg/L
573.1136,2009,Tigecycline,0,4,mg/L
573.1137,2023,Ceftazidime,1,16,mg/L
573.1137,2023,Ceftazidime-avibactam,1,4,mg/L
573.1137,2023,Colistin,1,4,mg/L
573.1137,2023,Ceftriaxone,1,16,mg/L
573.1137,2023,Meropenem,0,2,mg/L
573.1137,2023,Tigecycline,0,4,mg/L
573.1138,2016,Ceftazidime,0,32,mg/L
573.1138,2016,Ceftazidime-avibactam,0,2,mg/L
573.1138,2016,Colistin,0,16,mg/L
573.1138,2016,Ceftriaxone,1,32,mg/L
573.1138,2016,Meropenem,0,4,mg/L
573.1138,2016,Tigecycline,0,2,mg/L
573.1139,2021,Ceftazidime,0,16,mg/L
573.1139,2021,Ceftazidime-avibactam,1,16,mg/L
573.1139,2021,Colistin,0,2,mg/L
573.1139,2021,Ceftriaxone,1,16,mg/L
573.1139,2021,Meropenem,1,32,mg/L
573.1139,2021,Tigecycline,1,2,mg/L
573.114,2023,Ceftazidime,0,32,mg/L
573.114,2023,Ceftazidime-avibactam,1,32,mg/L
573.114,2023,Colistin,1,32,mg/L
573.114,2023,Ceftriaxone,1,4,mg/L
573.114,2023,Meropenem,0,32,mg/L
573.114,2023,Tigecycline,1,4,mg/L
573.1141,2018,Ceftazidime,1,32,mg/L
573.1141,2018,Ceftazidime-avibactam,0,4,mg/L
573.1141,2018,Colistin,0,16,mg/L
573.1141,2018,Ceftriaxone,1,16,mg/L
573.1141,2018,Meropenem,1,2,mg/L
573.1141,2018,Tigecycline,1,2,mg/L
573.1142,2015,Ceftazidime,0,16,mg/L
573.1142,2015,Ceftazidime-avibactam,1,4,mg/L
573.1142,2015,Colistin,0,32,mg/L
573.1142,2015,Ceftriaxone,0,4,mg/L
573.1142,2015,Meropenem,1,4,mg/L
573.1142,2015,Tigecycline,0,2,mg/L
573.1143,2002,Ceftazidime,1,2,mg/L
573.1143,2002,Ceftazidime-avibactam,0,32,mg/L
573.1143,2002,Colistin,0,4,mg/L
573.1143,2002,Ceftriaxone,0,2,mg/L
573.1143,2002,Meropenem,0,16,mg/L
573.1143,2002,Tigecycline,1,16,mg/L
573.1144,2022,Ceftazidime,0,4,mg/L
573.1144,2022,Ceftazidime-avibactam,0,2,mg/L
573.1144,2022,Colistin,1,32,mg/L
573.1144,2022,Ceftriaxone,1,32,mg/L
573.1144,2022,Meropenem,0,16,mg/L
573.1144,2022,Tigecycline,1,4,mg/L
573.1145,2000,Ceftazidime,0,32,mg/L
573.1145,2000,Ceftazidime-avibactam,0,4,mg/L
573.1145,2000,Colistin,0,2,mg/L
573.1145,2000,Ceftriaxone,0,32,mg/L
573.1145,2000,Meropenem,0,32,mg/L
573.1145,2000,Tigecycline,0,32,mg/L
573.1146,2019,Ceftazidime,1,2,mg/L
573.1146,2019,Ceftazidime-avibactam,0,16,mg/L
573.1146,2019,Colistin,0,2,mg/L
573.1146,2019,Ceftriaxone,0,32,mg/L
573.1146,2019,Meropenem,0,32,mg/L
573.1146,2019,Tigecycline,0,4,mg/L
573.1147,2009,Ceftazidime,0,32,mg/L
573.1147,2009,Ceftazidime-avibactam,1,4,mg/L
573.1147,2009,Colistin,1,2,mg/L
573.1147,2009,Ceftriaxone,0,2,mg/L
573.1147,2009,Meropenem,0,16,mg/L
573.1147,2009,Tigecycline,0,2,mg/L
573.1148,2024,Ceftazidime,1,2,mg/L
573.1148,2024,Ceftazidime-avibactam,1,32,mg/L
573.1148,2024,Colistin,1,2,mg/L
573.1148,2024,Ceftriaxone,1,16,mg/L
573.1148,2024,Meropenem,1,4,mg/L
573.1148,2024,Tigecycline,1,2,mg/L
573.1149,2022,Ceftazidime,1,32,mg/L
573.1149,2022,Ceftazidime-avibactam,1,4,mg/L
573.1149,2022,Colistin,1,4,mg/L
573.1149,2022,Ceftriaxone,1,32,mg/L
573.1149,2022,Meropenem,1,32,mg/L
573.1149,2022,Tigecycline,0,4,mg/L
