Year,Antibiotic_Name,Total_Tested,Resistant_Count,Resistance_Percentage
1998,Ceftazidime,4,3,75
1998,Ceftazidime-avibactam,4,2,50
1998,Ceftriaxone,4,0,0
1998,Colistin,4,1,25
1998,Meropenem,4,1,25
1998,Tigecycline,4,0,0
1999,Ceftazidime,2,1,50
1999,Ceftazidime-avibactam,2,1,50
1999,Ceftriaxone,2,1,50
1999,Colistin,2,1,50
1999,Meropenem,2,0,0
1999,Tigecycline,2,0,0
2000,Ceftazidime,8,2,25
2000,Ceftazidime-avibactam,8,2,25
2000,Ceftriaxone,8,1,12.5
2000,Colistin,8,1,12.5
2000,Meropenem,8,0,0
2000,Tigecycline,8,2,25
2001,Ceftazidime,1,0,0
2001,Ceftazidime-avibactam,1,0,0
2001,Ceftriaxone,1,0,0
2001,Colistin,1,1,100
2001,Meropenem,1,0,0
2001,Tigecycline,1,0,0
2002,Ceftazidime,5,1,20
2002,Ceftazidime-avibactam,5,3,60
2002,Ceftriaxone,5,2,40
2002,Colistin,5,0,0
2002,Meropenem,5,2,40
2002,Tigecycline,5,2,40
2003,Ceftazidime,7,2,28.57
2003,Ceftazidime-avibactam,7,2,28.57
2003,Ceftriaxone,7,3,42.86
2003,Colistin,7,3,42.86
2003,Meropenem,7,1,14.29
2003,Tigecycline,7,1,14.29
2004,Ceftazidime,5,2,40
2004,Ceftazidime-avibactam,5,1,20
2004,Ceftriaxone,5,1,20
2004,Colistin,5,1,20
2004,Meropenem,5,3,60
2004,Tigecycline,5,1,20
2005,Ceftazidime,6,1,16.67
2005,Ceftazidime-avibactam,6,2,33.33
2005,Ceftriaxone,6,0,0
2005,Colistin,6,0,0
2005,Meropenem,6,1,16.67
2005,Tigecycline,6,1,16.67
2006,Ceftazidime,6,3,50
2006,Ceftazidime-avibactam,6,1,16.67
2006,Ceftriaxone,6,2,33.33
2006,Colistin,6,0,0
2006,Meropenem,6,1,16.67
2006,Tigecycline,6,1,16.67
2007,Ceftazidime,3,1,33.33
2007,Ceftazidime-avibactam,3,1,33.33
2007,Ceftriaxone,3,1,33.33
2007,Colistin,3,2,66.67
2007,Meropenem,3,1,33.33
2007,Tigecycline,3,2,66.67
2008,Ceftazidime,5,3,60
2008,Ceftazidime-avibactam,5,1,20
2008,Ceftriaxone,5,2,40
2008,Colistin,5,2,40
2008,Meropenem,5,2,40
2008,Tigecycline,5,3,60
2009,Ceftazidime,12,4,33.33
2009,Ceftazidime-avibactam,12,3,25
2009,Ceftriaxone,12,8,66.67
2009,Colistin,12,9,75
2009,Meropenem,12,2,16.67
2009,Tigecycline,12,4,33.33
2010,Ceftazidime,3,0,0
2010,Ceftazidime-avibactam,3,2,66.67
2010,Ceftriaxone,3,1,33.33
2010,Colistin,3,2,66.67
2010,Meropenem,3,0,0
2010,Tigecycline,3,3,100
2011,Ceftazidime,11,5,45.45
2011,Ceftazidime-avibactam,11,4,36.36
2011,Ceftriaxone,11,4,36.36
2011,Colistin,11,6,54.55
2011,Meropenem,11,7,63.64
2011,Tigecycline,11,7,63.64
2012,Ceftazidime,4,3,75
2012,Ceftazidime-avibactam,4,0,0
2012,Ceftriaxone,4,3,75
2012,Colistin,4,1,25
2012,Meropenem,4,1,25
2012,Tigecycline,4,0,0
2013,Ceftazidime,2,1,50
2013,Ceftazidime-avibactam,2,0,0
2013,Ceftriaxone,2,0,0
2013,Colistin,2,1,50
2013,Meropenem,2,2,100
2013,Tigecycline,2,1,50
2014,Ceftazidime,8,3,37.5
2014,Ceftazidime-avibactam,8,4,50
2014,Ceftriaxone,8,5,62.5
2014,Colistin,8,2,25
2014,Meropenem,8,3,37.5
2014,Tigecycline,8,3,37.5
2015,Ceftazidime,3,2,66.67
2015,Ceftazidime-avibactam,3,1,33.33
2015,Ceftriaxone,3,1,33.33
2015,Colistin,3,1,33.33
2015,Meropenem,3,3,100
2015,Tigecycline,3,0,0
2016,Ceftazidime,4,1,25
2016,Ceftazidime-avibactam,4,3,75
2016,Ceftriaxone,4,2,50
2016,Colistin,4,3,75
2016,Meropenem,4,2,50
2016,Tigecycline,4,2,50
2017,Ceftazidime,9,4,44.44
2017,Ceftazidime-avibactam,9,7,77.78
2017,Ceftriaxone,9,3,33.33
2017,Colistin,9,6,66.67
2017,Meropenem,9,7,77.78
2017,Tigecycline,9,5,55.56
2018,Ceftazidime,3,2,66.67
2018,Ceftazidime-avibactam,3,1,33.33
2018,Ceftriaxone,3,3,100
2018,Colistin,3,0,0
2018,Meropenem,3,1,33.33
2018,Tigecycline,3,2,66.67
2019,Ceftazidime,7,4,57.14
2019,Ceftazidime-avibactam,7,5,71.43
2019,Ceftriaxone,7,5,71.43
2019,Colistin,7,2,28.57
2019,Meropenem,7,2,28.57
2019,Tigecycline,7,3,42.86
2020,Ceftazidime,5,2,40
2020,Ceftazidime-avibactam,5,4,80
2020,Ceftriaxone,5,3,60
2020,Colistin,5,0,0
2020,Meropenem,5,1,20
2020,Tigecycline,5,4,80
2021,Ceftazidime,5,0,0
2021,Ceftazidime-avibactam,5,2,40
2021,Ceftriaxone,5,5,100
2021,Colistin,5,3,60
2021,Meropenem,5,2,40
2021,Tigecycline,5,4,80
2022,Ceftazidime,6,4,66.67
2022,Ceftazidime-avibactam,6,2,33.33
2022,Ceftriaxone,6,4,66.67
2022,Colistin,6,5,83.33
2022,Meropenem,6,3,50
2022,Tigecycline,6,5,83.33
2023,Ceftazidime,9,5,55.56
2023,Ceftazidime-avibactam,9,7,77.78
2023,Ceftriaxone,9,7,77.78
2023,Colistin,9,5,55.56
2023,Meropenem,9,2,22.22
2023,Tigecycline,9,5,55.56
2024,Ceftazidime,7,6,85.71
2024,Ceftazidime-avibactam,7,7,100
2024,Ceftriaxone,7,6,85.71
2024,Colistin,7,5,71.43
2024,Meropenem,7,5,71.43
2024,Tigecycline,7,5,71.43
